BALANCE DEL MES DE,,,,,,8543
FECHA,DESCRIPCION,INGRESOS,GASTOS,BALANCE DIARIO,,
,1,580,110,470,600,
,2,460,70,390,150,
,3,580,118,462,200,
,4,310,100,210,135,
,5,520,50,470,195,
,6,420,141,279,250,
,7,450,30,420,1000,
,8,360,135,225,90,
,9,450,75,375,300,
,10,550,125,425,100,
,11,470,100,370,159,
,12,540,130,410,350,
,13,270,50,220,672,
,14,440,150,290,90,
,15,240,60,180,250,
,16,750,107,643,90,
,17,340,120,220,960,
,18,480,160,320,300,
,19,590,50,540,200,
,20,460,20,440,100,
,21,790,105,685,250,
,22,350,89,261,262,
,23,730,180,550,1050,
,24,340,230,110,90,
,25,350,70,280,150,
,26,,,0,550,
,27,,,0,,
,día 28,,,0,,
,día 29,,,0,,
,día 30,,,0,,
,día 31,,,0,,
TOTAL MENSUAL,,11820,2575,9245,,